{"parent":"computercraft:block/turtle_base","textures":{"texture":"computercraft:block/turtle_colour"},"elements":[{"from":[2,2,2],"to":[14,14,13],"faces":{"down":{"uv":[2.75,5.75,5.75,8.5],"texture":"#texture","tintindex":0},"up":{"uv":[5.75,5.75,8.75,8.5],"texture":"#texture","tintindex":0},"north":{"uv":[8.5,11.5,11.5,8.5],"texture":"#texture","tintindex":0},"south":{"uv":[2.75,11.5,5.75,8.5],"texture":"#texture","tintindex":0},"west":{"uv":[0,11.5,2.75,8.5],"texture":"#texture","tintindex":0},"east":{"uv":[5.75,11.5,8.5,8.555],"texture":"#texture","tintindex":0}}},{"from":[3,6,13],"to":[13,13,15],"faces":{"down":{"uv":[9.25,5.75,11.75,6.25],"texture":"#texture","tintindex":0},"up":{"uv":[11.75,5.75,14.25,6.25],"texture":"#texture","tintindex":0},"south":{"uv":[9.25,8,11.75,6.25],"texture":"#texture","tintindex":0},"west":{"uv":[8.75,8,9.25,6.25],"texture":"#texture","tintindex":0},"east":{"uv":[11.75,8,12.25,6.25],"texture":"#texture","tintindex":0}}},{"from":[2,2,2],"to":[14,14,13],"faces":{"down":{"uv":[2.75,0,5.75,2.75],"texture":"#texture"},"up":{"uv":[5.75,0,8.75,2.75],"texture":"#texture"},"north":{"uv":[8.5,5.75,11.5,2.75],"texture":"#texture"},"south":{"uv":[2.75,5.75,5.75,2.75],"texture":"#texture"},"west":{"uv":[0,5.75,2.75,2.75],"texture":"#texture"},"east":{"uv":[5.75,5.75,8.5,2.75],"texture":"#texture"}}},{"from":[3,6,13],"to":[13,13,15],"faces":{"down":{"uv":[9.25,0,11.75,0.5],"texture":"#texture"},"up":{"uv":[11.75,0,14.25,0.5],"texture":"#texture"},"south":{"uv":[9.25,2.25,11.75,0.5],"texture":"#texture"},"west":{"uv":[8.75,2.25,9.25,0.5],"texture":"#texture"},"east":{"uv":[11.75,2.25,12.25,0.5],"texture":"#texture"}}}]}