{  
   "forge_marker":1,
   "defaults":{  
      "model":"builtin/generated",
      "transform":"forge:default-item"
   },
   "variants":{  
      "variant":{  
         "copper_silver_shulker_upgrade":{  
            "textures":{  
               "layer0":"ironchest:items/shulker/upgrades/copper_silver_upgrade"
            }
         },
         "diamond_crystal_shulker_upgrade":{  
            "textures":{  
               "layer0":"ironchest:items/shulker/upgrades/diamond_crystal_upgrade"
            }
         },
         "diamond_obsidian_shulker_upgrade":{  
            "textures":{  
               "layer0":"ironchest:items/shulker/upgrades/diamond_obsidian_upgrade"
            }
         },
         "gold_diamond_shulker_upgrade":{  
            "textures":{  
               "layer0":"ironchest:items/shulker/upgrades/gold_diamond_upgrade"
            }
         },
         "iron_gold_shulker_upgrade":{  
            "textures":{  
               "layer0":"ironchest:items/shulker/upgrades/iron_gold_upgrade"
            }
         },
         "silver_gold_shulker_upgrade":{  
            "textures":{  
               "layer0":"ironchest:items/shulker/upgrades/silver_gold_upgrade"
            }
         },
         "vanilla_copper_shulker_upgrade":{  
            "textures":{  
               "layer0":"ironchest:items/shulker/upgrades/vanilla_copper_upgrade"
            }
         },
         "vanilla_iron_shulker_upgrade":{  
            "textures":{  
               "layer0":"ironchest:items/shulker/upgrades/vanilla_iron_upgrade"
            }
         },
         "copper_iron_shulker_upgrade":{  
            "textures":{  
               "layer0":"ironchest:items/shulker/upgrades/copper_iron_upgrade"
            }
         }
      }
   }
}