{"variants":{"facing\u003dnorth,state\u003doff":{"model":"computercraft:block/computer_advanced_off"},"facing\u003dsouth,state\u003doff":{"model":"computercraft:block/computer_advanced_off","y":180},"facing\u003dwest,state\u003doff":{"model":"computercraft:block/computer_advanced_off","y":270},"facing\u003deast,state\u003doff":{"model":"computercraft:block/computer_advanced_off","y":90},"facing\u003dnorth,state\u003don":{"model":"computercraft:block/computer_advanced_on"},"facing\u003dsouth,state\u003don":{"model":"computercraft:block/computer_advanced_on","y":180},"facing\u003dwest,state\u003don":{"model":"computercraft:block/computer_advanced_on","y":270},"facing\u003deast,state\u003don":{"model":"computercraft:block/computer_advanced_on","y":90},"facing\u003dnorth,state\u003dblinking":{"model":"computercraft:block/computer_advanced_blinking"},"facing\u003dsouth,state\u003dblinking":{"model":"computercraft:block/computer_advanced_blinking","y":180},"facing\u003dwest,state\u003dblinking":{"model":"computercraft:block/computer_advanced_blinking","y":270},"facing\u003deast,state\u003dblinking":{"model":"computercraft:block/computer_advanced_blinking","y":90}}}