{"variants":{"facing\u003dnorth,state\u003dempty":{"model":"computercraft:block/disk_drive_empty"},"facing\u003dsouth,state\u003dempty":{"model":"computercraft:block/disk_drive_empty","y":180},"facing\u003dwest,state\u003dempty":{"model":"computercraft:block/disk_drive_empty","y":270},"facing\u003deast,state\u003dempty":{"model":"computercraft:block/disk_drive_empty","y":90},"facing\u003dnorth,state\u003dfull":{"model":"computercraft:block/disk_drive_full"},"facing\u003dsouth,state\u003dfull":{"model":"computercraft:block/disk_drive_full","y":180},"facing\u003dwest,state\u003dfull":{"model":"computercraft:block/disk_drive_full","y":270},"facing\u003deast,state\u003dfull":{"model":"computercraft:block/disk_drive_full","y":90},"facing\u003dnorth,state\u003dinvalid":{"model":"computercraft:block/disk_drive_invalid"},"facing\u003dsouth,state\u003dinvalid":{"model":"computercraft:block/disk_drive_invalid","y":180},"facing\u003dwest,state\u003dinvalid":{"model":"computercraft:block/disk_drive_invalid","y":270},"facing\u003deast,state\u003dinvalid":{"model":"computercraft:block/disk_drive_invalid","y":90}}}