{"variants":{"facing\u003dnorth,orientation\u003dnorth,state\u003dnone":{"model":"computercraft:block/monitor_advanced"},"facing\u003dsouth,orientation\u003dnorth,state\u003dnone":{"model":"computercraft:block/monitor_advanced","y":180},"facing\u003dwest,orientation\u003dnorth,state\u003dnone":{"model":"computercraft:block/monitor_advanced","y":270},"facing\u003deast,orientation\u003dnorth,state\u003dnone":{"model":"computercraft:block/monitor_advanced","y":90},"facing\u003dnorth,orientation\u003dnorth,state\u003dr":{"model":"computercraft:block/monitor_advanced_r"},"facing\u003dsouth,orientation\u003dnorth,state\u003dr":{"model":"computercraft:block/monitor_advanced_r","y":180},"facing\u003dwest,orientation\u003dnorth,state\u003dr":{"model":"computercraft:block/monitor_advanced_r","y":270},"facing\u003deast,orientation\u003dnorth,state\u003dr":{"model":"computercraft:block/monitor_advanced_r","y":90},"facing\u003dnorth,orientation\u003dnorth,state\u003dlr":{"model":"computercraft:block/monitor_advanced_lr"},"facing\u003dsouth,orientation\u003dnorth,state\u003dlr":{"model":"computercraft:block/monitor_advanced_lr","y":180},"facing\u003dwest,orientation\u003dnorth,state\u003dlr":{"model":"computercraft:block/monitor_advanced_lr","y":270},"facing\u003deast,orientation\u003dnorth,state\u003dlr":{"model":"computercraft:block/monitor_advanced_lr","y":90},"facing\u003dnorth,orientation\u003dnorth,state\u003dl":{"model":"computercraft:block/monitor_advanced_l"},"facing\u003dsouth,orientation\u003dnorth,state\u003dl":{"model":"computercraft:block/monitor_advanced_l","y":180},"facing\u003dwest,orientation\u003dnorth,state\u003dl":{"model":"computercraft:block/monitor_advanced_l","y":270},"facing\u003deast,orientation\u003dnorth,state\u003dl":{"model":"computercraft:block/monitor_advanced_l","y":90},"facing\u003dnorth,orientation\u003dnorth,state\u003dd":{"model":"computercraft:block/monitor_advanced_d"},"facing\u003dsouth,orientation\u003dnorth,state\u003dd":{"model":"computercraft:block/monitor_advanced_d","y":180},"facing\u003dwest,orientation\u003dnorth,state\u003dd":{"model":"computercraft:block/monitor_advanced_d","y":270},"facing\u003deast,orientation\u003dnorth,state\u003dd":{"model":"computercraft:block/monitor_advanced_d","y":90},"facing\u003dnorth,orientation\u003dnorth,state\u003dud":{"model":"computercraft:block/monitor_advanced_ud"},"facing\u003dsouth,orientation\u003dnorth,state\u003dud":{"model":"computercraft:block/monitor_advanced_ud","y":180},"facing\u003dwest,orientation\u003dnorth,state\u003dud":{"model":"computercraft:block/monitor_advanced_ud","y":270},"facing\u003deast,orientation\u003dnorth,state\u003dud":{"model":"computercraft:block/monitor_advanced_ud","y":90},"facing\u003dnorth,orientation\u003dnorth,state\u003du":{"model":"computercraft:block/monitor_advanced_u"},"facing\u003dsouth,orientation\u003dnorth,state\u003du":{"model":"computercraft:block/monitor_advanced_u","y":180},"facing\u003dwest,orientation\u003dnorth,state\u003du":{"model":"computercraft:block/monitor_advanced_u","y":270},"facing\u003deast,orientation\u003dnorth,state\u003du":{"model":"computercraft:block/monitor_advanced_u","y":90},"facing\u003dnorth,orientation\u003dnorth,state\u003drd":{"model":"computercraft:block/monitor_advanced_rd"},"facing\u003dsouth,orientation\u003dnorth,state\u003drd":{"model":"computercraft:block/monitor_advanced_rd","y":180},"facing\u003dwest,orientation\u003dnorth,state\u003drd":{"model":"computercraft:block/monitor_advanced_rd","y":270},"facing\u003deast,orientation\u003dnorth,state\u003drd":{"model":"computercraft:block/monitor_advanced_rd","y":90},"facing\u003dnorth,orientation\u003dnorth,state\u003dlrd":{"model":"computercraft:block/monitor_advanced_lrd"},"facing\u003dsouth,orientation\u003dnorth,state\u003dlrd":{"model":"computercraft:block/monitor_advanced_lrd","y":180},"facing\u003dwest,orientation\u003dnorth,state\u003dlrd":{"model":"computercraft:block/monitor_advanced_lrd","y":270},"facing\u003deast,orientation\u003dnorth,state\u003dlrd":{"model":"computercraft:block/monitor_advanced_lrd","y":90},"facing\u003dnorth,orientation\u003dnorth,state\u003dld":{"model":"computercraft:block/monitor_advanced_ld"},"facing\u003dsouth,orientation\u003dnorth,state\u003dld":{"model":"computercraft:block/monitor_advanced_ld","y":180},"facing\u003dwest,orientation\u003dnorth,state\u003dld":{"model":"computercraft:block/monitor_advanced_ld","y":270},"facing\u003deast,orientation\u003dnorth,state\u003dld":{"model":"computercraft:block/monitor_advanced_ld","y":90},"facing\u003dnorth,orientation\u003dnorth,state\u003drud":{"model":"computercraft:block/monitor_advanced_rud"},"facing\u003dsouth,orientation\u003dnorth,state\u003drud":{"model":"computercraft:block/monitor_advanced_rud","y":180},"facing\u003dwest,orientation\u003dnorth,state\u003drud":{"model":"computercraft:block/monitor_advanced_rud","y":270},"facing\u003deast,orientation\u003dnorth,state\u003drud":{"model":"computercraft:block/monitor_advanced_rud","y":90},"facing\u003dnorth,orientation\u003dnorth,state\u003dlrud":{"model":"computercraft:block/monitor_advanced_lrud"},"facing\u003dsouth,orientation\u003dnorth,state\u003dlrud":{"model":"computercraft:block/monitor_advanced_lrud","y":180},"facing\u003dwest,orientation\u003dnorth,state\u003dlrud":{"model":"computercraft:block/monitor_advanced_lrud","y":270},"facing\u003deast,orientation\u003dnorth,state\u003dlrud":{"model":"computercraft:block/monitor_advanced_lrud","y":90},"facing\u003dnorth,orientation\u003dnorth,state\u003dlud":{"model":"computercraft:block/monitor_advanced_lud"},"facing\u003dsouth,orientation\u003dnorth,state\u003dlud":{"model":"computercraft:block/monitor_advanced_lud","y":180},"facing\u003dwest,orientation\u003dnorth,state\u003dlud":{"model":"computercraft:block/monitor_advanced_lud","y":270},"facing\u003deast,orientation\u003dnorth,state\u003dlud":{"model":"computercraft:block/monitor_advanced_lud","y":90},"facing\u003dnorth,orientation\u003dnorth,state\u003dru":{"model":"computercraft:block/monitor_advanced_ru"},"facing\u003dsouth,orientation\u003dnorth,state\u003dru":{"model":"computercraft:block/monitor_advanced_ru","y":180},"facing\u003dwest,orientation\u003dnorth,state\u003dru":{"model":"computercraft:block/monitor_advanced_ru","y":270},"facing\u003deast,orientation\u003dnorth,state\u003dru":{"model":"computercraft:block/monitor_advanced_ru","y":90},"facing\u003dnorth,orientation\u003dnorth,state\u003dlru":{"model":"computercraft:block/monitor_advanced_lru"},"facing\u003dsouth,orientation\u003dnorth,state\u003dlru":{"model":"computercraft:block/monitor_advanced_lru","y":180},"facing\u003dwest,orientation\u003dnorth,state\u003dlru":{"model":"computercraft:block/monitor_advanced_lru","y":270},"facing\u003deast,orientation\u003dnorth,state\u003dlru":{"model":"computercraft:block/monitor_advanced_lru","y":90},"facing\u003dnorth,orientation\u003dnorth,state\u003dlu":{"model":"computercraft:block/monitor_advanced_lu"},"facing\u003dsouth,orientation\u003dnorth,state\u003dlu":{"model":"computercraft:block/monitor_advanced_lu","y":180},"facing\u003dwest,orientation\u003dnorth,state\u003dlu":{"model":"computercraft:block/monitor_advanced_lu","y":270},"facing\u003deast,orientation\u003dnorth,state\u003dlu":{"model":"computercraft:block/monitor_advanced_lu","y":90},"facing\u003dnorth,orientation\u003dup,state\u003dnone":{"model":"computercraft:block/monitor_advanced","x":270},"facing\u003dsouth,orientation\u003dup,state\u003dnone":{"model":"computercraft:block/monitor_advanced","y":180,"x":270},"facing\u003dwest,orientation\u003dup,state\u003dnone":{"model":"computercraft:block/monitor_advanced","y":270,"x":270},"facing\u003deast,orientation\u003dup,state\u003dnone":{"model":"computercraft:block/monitor_advanced","y":90,"x":270},"facing\u003dnorth,orientation\u003dup,state\u003dr":{"model":"computercraft:block/monitor_advanced_r","x":270},"facing\u003dsouth,orientation\u003dup,state\u003dr":{"model":"computercraft:block/monitor_advanced_r","y":180,"x":270},"facing\u003dwest,orientation\u003dup,state\u003dr":{"model":"computercraft:block/monitor_advanced_r","y":270,"x":270},"facing\u003deast,orientation\u003dup,state\u003dr":{"model":"computercraft:block/monitor_advanced_r","y":90,"x":270},"facing\u003dnorth,orientation\u003dup,state\u003dlr":{"model":"computercraft:block/monitor_advanced_lr","x":270},"facing\u003dsouth,orientation\u003dup,state\u003dlr":{"model":"computercraft:block/monitor_advanced_lr","y":180,"x":270},"facing\u003dwest,orientation\u003dup,state\u003dlr":{"model":"computercraft:block/monitor_advanced_lr","y":270,"x":270},"facing\u003deast,orientation\u003dup,state\u003dlr":{"model":"computercraft:block/monitor_advanced_lr","y":90,"x":270},"facing\u003dnorth,orientation\u003dup,state\u003dl":{"model":"computercraft:block/monitor_advanced_l","x":270},"facing\u003dsouth,orientation\u003dup,state\u003dl":{"model":"computercraft:block/monitor_advanced_l","y":180,"x":270},"facing\u003dwest,orientation\u003dup,state\u003dl":{"model":"computercraft:block/monitor_advanced_l","y":270,"x":270},"facing\u003deast,orientation\u003dup,state\u003dl":{"model":"computercraft:block/monitor_advanced_l","y":90,"x":270},"facing\u003dnorth,orientation\u003dup,state\u003dd":{"model":"computercraft:block/monitor_advanced_d","x":270},"facing\u003dsouth,orientation\u003dup,state\u003dd":{"model":"computercraft:block/monitor_advanced_d","y":180,"x":270},"facing\u003dwest,orientation\u003dup,state\u003dd":{"model":"computercraft:block/monitor_advanced_d","y":270,"x":270},"facing\u003deast,orientation\u003dup,state\u003dd":{"model":"computercraft:block/monitor_advanced_d","y":90,"x":270},"facing\u003dnorth,orientation\u003dup,state\u003dud":{"model":"computercraft:block/monitor_advanced_ud","x":270},"facing\u003dsouth,orientation\u003dup,state\u003dud":{"model":"computercraft:block/monitor_advanced_ud","y":180,"x":270},"facing\u003dwest,orientation\u003dup,state\u003dud":{"model":"computercraft:block/monitor_advanced_ud","y":270,"x":270},"facing\u003deast,orientation\u003dup,state\u003dud":{"model":"computercraft:block/monitor_advanced_ud","y":90,"x":270},"facing\u003dnorth,orientation\u003dup,state\u003du":{"model":"computercraft:block/monitor_advanced_u","x":270},"facing\u003dsouth,orientation\u003dup,state\u003du":{"model":"computercraft:block/monitor_advanced_u","y":180,"x":270},"facing\u003dwest,orientation\u003dup,state\u003du":{"model":"computercraft:block/monitor_advanced_u","y":270,"x":270},"facing\u003deast,orientation\u003dup,state\u003du":{"model":"computercraft:block/monitor_advanced_u","y":90,"x":270},"facing\u003dnorth,orientation\u003dup,state\u003drd":{"model":"computercraft:block/monitor_advanced_rd","x":270},"facing\u003dsouth,orientation\u003dup,state\u003drd":{"model":"computercraft:block/monitor_advanced_rd","y":180,"x":270},"facing\u003dwest,orientation\u003dup,state\u003drd":{"model":"computercraft:block/monitor_advanced_rd","y":270,"x":270},"facing\u003deast,orientation\u003dup,state\u003drd":{"model":"computercraft:block/monitor_advanced_rd","y":90,"x":270},"facing\u003dnorth,orientation\u003dup,state\u003dlrd":{"model":"computercraft:block/monitor_advanced_lrd","x":270},"facing\u003dsouth,orientation\u003dup,state\u003dlrd":{"model":"computercraft:block/monitor_advanced_lrd","y":180,"x":270},"facing\u003dwest,orientation\u003dup,state\u003dlrd":{"model":"computercraft:block/monitor_advanced_lrd","y":270,"x":270},"facing\u003deast,orientation\u003dup,state\u003dlrd":{"model":"computercraft:block/monitor_advanced_lrd","y":90,"x":270},"facing\u003dnorth,orientation\u003dup,state\u003dld":{"model":"computercraft:block/monitor_advanced_ld","x":270},"facing\u003dsouth,orientation\u003dup,state\u003dld":{"model":"computercraft:block/monitor_advanced_ld","y":180,"x":270},"facing\u003dwest,orientation\u003dup,state\u003dld":{"model":"computercraft:block/monitor_advanced_ld","y":270,"x":270},"facing\u003deast,orientation\u003dup,state\u003dld":{"model":"computercraft:block/monitor_advanced_ld","y":90,"x":270},"facing\u003dnorth,orientation\u003dup,state\u003drud":{"model":"computercraft:block/monitor_advanced_rud","x":270},"facing\u003dsouth,orientation\u003dup,state\u003drud":{"model":"computercraft:block/monitor_advanced_rud","y":180,"x":270},"facing\u003dwest,orientation\u003dup,state\u003drud":{"model":"computercraft:block/monitor_advanced_rud","y":270,"x":270},"facing\u003deast,orientation\u003dup,state\u003drud":{"model":"computercraft:block/monitor_advanced_rud","y":90,"x":270},"facing\u003dnorth,orientation\u003dup,state\u003dlrud":{"model":"computercraft:block/monitor_advanced_lrud","x":270},"facing\u003dsouth,orientation\u003dup,state\u003dlrud":{"model":"computercraft:block/monitor_advanced_lrud","y":180,"x":270},"facing\u003dwest,orientation\u003dup,state\u003dlrud":{"model":"computercraft:block/monitor_advanced_lrud","y":270,"x":270},"facing\u003deast,orientation\u003dup,state\u003dlrud":{"model":"computercraft:block/monitor_advanced_lrud","y":90,"x":270},"facing\u003dnorth,orientation\u003dup,state\u003dlud":{"model":"computercraft:block/monitor_advanced_lud","x":270},"facing\u003dsouth,orientation\u003dup,state\u003dlud":{"model":"computercraft:block/monitor_advanced_lud","y":180,"x":270},"facing\u003dwest,orientation\u003dup,state\u003dlud":{"model":"computercraft:block/monitor_advanced_lud","y":270,"x":270},"facing\u003deast,orientation\u003dup,state\u003dlud":{"model":"computercraft:block/monitor_advanced_lud","y":90,"x":270},"facing\u003dnorth,orientation\u003dup,state\u003dru":{"model":"computercraft:block/monitor_advanced_ru","x":270},"facing\u003dsouth,orientation\u003dup,state\u003dru":{"model":"computercraft:block/monitor_advanced_ru","y":180,"x":270},"facing\u003dwest,orientation\u003dup,state\u003dru":{"model":"computercraft:block/monitor_advanced_ru","y":270,"x":270},"facing\u003deast,orientation\u003dup,state\u003dru":{"model":"computercraft:block/monitor_advanced_ru","y":90,"x":270},"facing\u003dnorth,orientation\u003dup,state\u003dlru":{"model":"computercraft:block/monitor_advanced_lru","x":270},"facing\u003dsouth,orientation\u003dup,state\u003dlru":{"model":"computercraft:block/monitor_advanced_lru","y":180,"x":270},"facing\u003dwest,orientation\u003dup,state\u003dlru":{"model":"computercraft:block/monitor_advanced_lru","y":270,"x":270},"facing\u003deast,orientation\u003dup,state\u003dlru":{"model":"computercraft:block/monitor_advanced_lru","y":90,"x":270},"facing\u003dnorth,orientation\u003dup,state\u003dlu":{"model":"computercraft:block/monitor_advanced_lu","x":270},"facing\u003dsouth,orientation\u003dup,state\u003dlu":{"model":"computercraft:block/monitor_advanced_lu","y":180,"x":270},"facing\u003dwest,orientation\u003dup,state\u003dlu":{"model":"computercraft:block/monitor_advanced_lu","y":270,"x":270},"facing\u003deast,orientation\u003dup,state\u003dlu":{"model":"computercraft:block/monitor_advanced_lu","y":90,"x":270},"facing\u003dnorth,orientation\u003ddown,state\u003dnone":{"model":"computercraft:block/monitor_advanced","x":90},"facing\u003dsouth,orientation\u003ddown,state\u003dnone":{"model":"computercraft:block/monitor_advanced","y":180,"x":90},"facing\u003dwest,orientation\u003ddown,state\u003dnone":{"model":"computercraft:block/monitor_advanced","y":270,"x":90},"facing\u003deast,orientation\u003ddown,state\u003dnone":{"model":"computercraft:block/monitor_advanced","y":90,"x":90},"facing\u003dnorth,orientation\u003ddown,state\u003dr":{"model":"computercraft:block/monitor_advanced_r","x":90},"facing\u003dsouth,orientation\u003ddown,state\u003dr":{"model":"computercraft:block/monitor_advanced_r","y":180,"x":90},"facing\u003dwest,orientation\u003ddown,state\u003dr":{"model":"computercraft:block/monitor_advanced_r","y":270,"x":90},"facing\u003deast,orientation\u003ddown,state\u003dr":{"model":"computercraft:block/monitor_advanced_r","y":90,"x":90},"facing\u003dnorth,orientation\u003ddown,state\u003dlr":{"model":"computercraft:block/monitor_advanced_lr","x":90},"facing\u003dsouth,orientation\u003ddown,state\u003dlr":{"model":"computercraft:block/monitor_advanced_lr","y":180,"x":90},"facing\u003dwest,orientation\u003ddown,state\u003dlr":{"model":"computercraft:block/monitor_advanced_lr","y":270,"x":90},"facing\u003deast,orientation\u003ddown,state\u003dlr":{"model":"computercraft:block/monitor_advanced_lr","y":90,"x":90},"facing\u003dnorth,orientation\u003ddown,state\u003dl":{"model":"computercraft:block/monitor_advanced_l","x":90},"facing\u003dsouth,orientation\u003ddown,state\u003dl":{"model":"computercraft:block/monitor_advanced_l","y":180,"x":90},"facing\u003dwest,orientation\u003ddown,state\u003dl":{"model":"computercraft:block/monitor_advanced_l","y":270,"x":90},"facing\u003deast,orientation\u003ddown,state\u003dl":{"model":"computercraft:block/monitor_advanced_l","y":90,"x":90},"facing\u003dnorth,orientation\u003ddown,state\u003dd":{"model":"computercraft:block/monitor_advanced_d","x":90},"facing\u003dsouth,orientation\u003ddown,state\u003dd":{"model":"computercraft:block/monitor_advanced_d","y":180,"x":90},"facing\u003dwest,orientation\u003ddown,state\u003dd":{"model":"computercraft:block/monitor_advanced_d","y":270,"x":90},"facing\u003deast,orientation\u003ddown,state\u003dd":{"model":"computercraft:block/monitor_advanced_d","y":90,"x":90},"facing\u003dnorth,orientation\u003ddown,state\u003dud":{"model":"computercraft:block/monitor_advanced_ud","x":90},"facing\u003dsouth,orientation\u003ddown,state\u003dud":{"model":"computercraft:block/monitor_advanced_ud","y":180,"x":90},"facing\u003dwest,orientation\u003ddown,state\u003dud":{"model":"computercraft:block/monitor_advanced_ud","y":270,"x":90},"facing\u003deast,orientation\u003ddown,state\u003dud":{"model":"computercraft:block/monitor_advanced_ud","y":90,"x":90},"facing\u003dnorth,orientation\u003ddown,state\u003du":{"model":"computercraft:block/monitor_advanced_u","x":90},"facing\u003dsouth,orientation\u003ddown,state\u003du":{"model":"computercraft:block/monitor_advanced_u","y":180,"x":90},"facing\u003dwest,orientation\u003ddown,state\u003du":{"model":"computercraft:block/monitor_advanced_u","y":270,"x":90},"facing\u003deast,orientation\u003ddown,state\u003du":{"model":"computercraft:block/monitor_advanced_u","y":90,"x":90},"facing\u003dnorth,orientation\u003ddown,state\u003drd":{"model":"computercraft:block/monitor_advanced_rd","x":90},"facing\u003dsouth,orientation\u003ddown,state\u003drd":{"model":"computercraft:block/monitor_advanced_rd","y":180,"x":90},"facing\u003dwest,orientation\u003ddown,state\u003drd":{"model":"computercraft:block/monitor_advanced_rd","y":270,"x":90},"facing\u003deast,orientation\u003ddown,state\u003drd":{"model":"computercraft:block/monitor_advanced_rd","y":90,"x":90},"facing\u003dnorth,orientation\u003ddown,state\u003dlrd":{"model":"computercraft:block/monitor_advanced_lrd","x":90},"facing\u003dsouth,orientation\u003ddown,state\u003dlrd":{"model":"computercraft:block/monitor_advanced_lrd","y":180,"x":90},"facing\u003dwest,orientation\u003ddown,state\u003dlrd":{"model":"computercraft:block/monitor_advanced_lrd","y":270,"x":90},"facing\u003deast,orientation\u003ddown,state\u003dlrd":{"model":"computercraft:block/monitor_advanced_lrd","y":90,"x":90},"facing\u003dnorth,orientation\u003ddown,state\u003dld":{"model":"computercraft:block/monitor_advanced_ld","x":90},"facing\u003dsouth,orientation\u003ddown,state\u003dld":{"model":"computercraft:block/monitor_advanced_ld","y":180,"x":90},"facing\u003dwest,orientation\u003ddown,state\u003dld":{"model":"computercraft:block/monitor_advanced_ld","y":270,"x":90},"facing\u003deast,orientation\u003ddown,state\u003dld":{"model":"computercraft:block/monitor_advanced_ld","y":90,"x":90},"facing\u003dnorth,orientation\u003ddown,state\u003drud":{"model":"computercraft:block/monitor_advanced_rud","x":90},"facing\u003dsouth,orientation\u003ddown,state\u003drud":{"model":"computercraft:block/monitor_advanced_rud","y":180,"x":90},"facing\u003dwest,orientation\u003ddown,state\u003drud":{"model":"computercraft:block/monitor_advanced_rud","y":270,"x":90},"facing\u003deast,orientation\u003ddown,state\u003drud":{"model":"computercraft:block/monitor_advanced_rud","y":90,"x":90},"facing\u003dnorth,orientation\u003ddown,state\u003dlrud":{"model":"computercraft:block/monitor_advanced_lrud","x":90},"facing\u003dsouth,orientation\u003ddown,state\u003dlrud":{"model":"computercraft:block/monitor_advanced_lrud","y":180,"x":90},"facing\u003dwest,orientation\u003ddown,state\u003dlrud":{"model":"computercraft:block/monitor_advanced_lrud","y":270,"x":90},"facing\u003deast,orientation\u003ddown,state\u003dlrud":{"model":"computercraft:block/monitor_advanced_lrud","y":90,"x":90},"facing\u003dnorth,orientation\u003ddown,state\u003dlud":{"model":"computercraft:block/monitor_advanced_lud","x":90},"facing\u003dsouth,orientation\u003ddown,state\u003dlud":{"model":"computercraft:block/monitor_advanced_lud","y":180,"x":90},"facing\u003dwest,orientation\u003ddown,state\u003dlud":{"model":"computercraft:block/monitor_advanced_lud","y":270,"x":90},"facing\u003deast,orientation\u003ddown,state\u003dlud":{"model":"computercraft:block/monitor_advanced_lud","y":90,"x":90},"facing\u003dnorth,orientation\u003ddown,state\u003dru":{"model":"computercraft:block/monitor_advanced_ru","x":90},"facing\u003dsouth,orientation\u003ddown,state\u003dru":{"model":"computercraft:block/monitor_advanced_ru","y":180,"x":90},"facing\u003dwest,orientation\u003ddown,state\u003dru":{"model":"computercraft:block/monitor_advanced_ru","y":270,"x":90},"facing\u003deast,orientation\u003ddown,state\u003dru":{"model":"computercraft:block/monitor_advanced_ru","y":90,"x":90},"facing\u003dnorth,orientation\u003ddown,state\u003dlru":{"model":"computercraft:block/monitor_advanced_lru","x":90},"facing\u003dsouth,orientation\u003ddown,state\u003dlru":{"model":"computercraft:block/monitor_advanced_lru","y":180,"x":90},"facing\u003dwest,orientation\u003ddown,state\u003dlru":{"model":"computercraft:block/monitor_advanced_lru","y":270,"x":90},"facing\u003deast,orientation\u003ddown,state\u003dlru":{"model":"computercraft:block/monitor_advanced_lru","y":90,"x":90},"facing\u003dnorth,orientation\u003ddown,state\u003dlu":{"model":"computercraft:block/monitor_advanced_lu","x":90},"facing\u003dsouth,orientation\u003ddown,state\u003dlu":{"model":"computercraft:block/monitor_advanced_lu","y":180,"x":90},"facing\u003dwest,orientation\u003ddown,state\u003dlu":{"model":"computercraft:block/monitor_advanced_lu","y":270,"x":90},"facing\u003deast,orientation\u003ddown,state\u003dlu":{"model":"computercraft:block/monitor_advanced_lu","y":90,"x":90}}}