{"variants":{"facing\u003dnorth,orientation\u003dnorth,state\u003dnone":{"model":"computercraft:block/monitor_normal"},"facing\u003dsouth,orientation\u003dnorth,state\u003dnone":{"model":"computercraft:block/monitor_normal","y":180},"facing\u003dwest,orientation\u003dnorth,state\u003dnone":{"model":"computercraft:block/monitor_normal","y":270},"facing\u003deast,orientation\u003dnorth,state\u003dnone":{"model":"computercraft:block/monitor_normal","y":90},"facing\u003dnorth,orientation\u003dnorth,state\u003dr":{"model":"computercraft:block/monitor_normal_r"},"facing\u003dsouth,orientation\u003dnorth,state\u003dr":{"model":"computercraft:block/monitor_normal_r","y":180},"facing\u003dwest,orientation\u003dnorth,state\u003dr":{"model":"computercraft:block/monitor_normal_r","y":270},"facing\u003deast,orientation\u003dnorth,state\u003dr":{"model":"computercraft:block/monitor_normal_r","y":90},"facing\u003dnorth,orientation\u003dnorth,state\u003dlr":{"model":"computercraft:block/monitor_normal_lr"},"facing\u003dsouth,orientation\u003dnorth,state\u003dlr":{"model":"computercraft:block/monitor_normal_lr","y":180},"facing\u003dwest,orientation\u003dnorth,state\u003dlr":{"model":"computercraft:block/monitor_normal_lr","y":270},"facing\u003deast,orientation\u003dnorth,state\u003dlr":{"model":"computercraft:block/monitor_normal_lr","y":90},"facing\u003dnorth,orientation\u003dnorth,state\u003dl":{"model":"computercraft:block/monitor_normal_l"},"facing\u003dsouth,orientation\u003dnorth,state\u003dl":{"model":"computercraft:block/monitor_normal_l","y":180},"facing\u003dwest,orientation\u003dnorth,state\u003dl":{"model":"computercraft:block/monitor_normal_l","y":270},"facing\u003deast,orientation\u003dnorth,state\u003dl":{"model":"computercraft:block/monitor_normal_l","y":90},"facing\u003dnorth,orientation\u003dnorth,state\u003dd":{"model":"computercraft:block/monitor_normal_d"},"facing\u003dsouth,orientation\u003dnorth,state\u003dd":{"model":"computercraft:block/monitor_normal_d","y":180},"facing\u003dwest,orientation\u003dnorth,state\u003dd":{"model":"computercraft:block/monitor_normal_d","y":270},"facing\u003deast,orientation\u003dnorth,state\u003dd":{"model":"computercraft:block/monitor_normal_d","y":90},"facing\u003dnorth,orientation\u003dnorth,state\u003dud":{"model":"computercraft:block/monitor_normal_ud"},"facing\u003dsouth,orientation\u003dnorth,state\u003dud":{"model":"computercraft:block/monitor_normal_ud","y":180},"facing\u003dwest,orientation\u003dnorth,state\u003dud":{"model":"computercraft:block/monitor_normal_ud","y":270},"facing\u003deast,orientation\u003dnorth,state\u003dud":{"model":"computercraft:block/monitor_normal_ud","y":90},"facing\u003dnorth,orientation\u003dnorth,state\u003du":{"model":"computercraft:block/monitor_normal_u"},"facing\u003dsouth,orientation\u003dnorth,state\u003du":{"model":"computercraft:block/monitor_normal_u","y":180},"facing\u003dwest,orientation\u003dnorth,state\u003du":{"model":"computercraft:block/monitor_normal_u","y":270},"facing\u003deast,orientation\u003dnorth,state\u003du":{"model":"computercraft:block/monitor_normal_u","y":90},"facing\u003dnorth,orientation\u003dnorth,state\u003drd":{"model":"computercraft:block/monitor_normal_rd"},"facing\u003dsouth,orientation\u003dnorth,state\u003drd":{"model":"computercraft:block/monitor_normal_rd","y":180},"facing\u003dwest,orientation\u003dnorth,state\u003drd":{"model":"computercraft:block/monitor_normal_rd","y":270},"facing\u003deast,orientation\u003dnorth,state\u003drd":{"model":"computercraft:block/monitor_normal_rd","y":90},"facing\u003dnorth,orientation\u003dnorth,state\u003dlrd":{"model":"computercraft:block/monitor_normal_lrd"},"facing\u003dsouth,orientation\u003dnorth,state\u003dlrd":{"model":"computercraft:block/monitor_normal_lrd","y":180},"facing\u003dwest,orientation\u003dnorth,state\u003dlrd":{"model":"computercraft:block/monitor_normal_lrd","y":270},"facing\u003deast,orientation\u003dnorth,state\u003dlrd":{"model":"computercraft:block/monitor_normal_lrd","y":90},"facing\u003dnorth,orientation\u003dnorth,state\u003dld":{"model":"computercraft:block/monitor_normal_ld"},"facing\u003dsouth,orientation\u003dnorth,state\u003dld":{"model":"computercraft:block/monitor_normal_ld","y":180},"facing\u003dwest,orientation\u003dnorth,state\u003dld":{"model":"computercraft:block/monitor_normal_ld","y":270},"facing\u003deast,orientation\u003dnorth,state\u003dld":{"model":"computercraft:block/monitor_normal_ld","y":90},"facing\u003dnorth,orientation\u003dnorth,state\u003drud":{"model":"computercraft:block/monitor_normal_rud"},"facing\u003dsouth,orientation\u003dnorth,state\u003drud":{"model":"computercraft:block/monitor_normal_rud","y":180},"facing\u003dwest,orientation\u003dnorth,state\u003drud":{"model":"computercraft:block/monitor_normal_rud","y":270},"facing\u003deast,orientation\u003dnorth,state\u003drud":{"model":"computercraft:block/monitor_normal_rud","y":90},"facing\u003dnorth,orientation\u003dnorth,state\u003dlrud":{"model":"computercraft:block/monitor_normal_lrud"},"facing\u003dsouth,orientation\u003dnorth,state\u003dlrud":{"model":"computercraft:block/monitor_normal_lrud","y":180},"facing\u003dwest,orientation\u003dnorth,state\u003dlrud":{"model":"computercraft:block/monitor_normal_lrud","y":270},"facing\u003deast,orientation\u003dnorth,state\u003dlrud":{"model":"computercraft:block/monitor_normal_lrud","y":90},"facing\u003dnorth,orientation\u003dnorth,state\u003dlud":{"model":"computercraft:block/monitor_normal_lud"},"facing\u003dsouth,orientation\u003dnorth,state\u003dlud":{"model":"computercraft:block/monitor_normal_lud","y":180},"facing\u003dwest,orientation\u003dnorth,state\u003dlud":{"model":"computercraft:block/monitor_normal_lud","y":270},"facing\u003deast,orientation\u003dnorth,state\u003dlud":{"model":"computercraft:block/monitor_normal_lud","y":90},"facing\u003dnorth,orientation\u003dnorth,state\u003dru":{"model":"computercraft:block/monitor_normal_ru"},"facing\u003dsouth,orientation\u003dnorth,state\u003dru":{"model":"computercraft:block/monitor_normal_ru","y":180},"facing\u003dwest,orientation\u003dnorth,state\u003dru":{"model":"computercraft:block/monitor_normal_ru","y":270},"facing\u003deast,orientation\u003dnorth,state\u003dru":{"model":"computercraft:block/monitor_normal_ru","y":90},"facing\u003dnorth,orientation\u003dnorth,state\u003dlru":{"model":"computercraft:block/monitor_normal_lru"},"facing\u003dsouth,orientation\u003dnorth,state\u003dlru":{"model":"computercraft:block/monitor_normal_lru","y":180},"facing\u003dwest,orientation\u003dnorth,state\u003dlru":{"model":"computercraft:block/monitor_normal_lru","y":270},"facing\u003deast,orientation\u003dnorth,state\u003dlru":{"model":"computercraft:block/monitor_normal_lru","y":90},"facing\u003dnorth,orientation\u003dnorth,state\u003dlu":{"model":"computercraft:block/monitor_normal_lu"},"facing\u003dsouth,orientation\u003dnorth,state\u003dlu":{"model":"computercraft:block/monitor_normal_lu","y":180},"facing\u003dwest,orientation\u003dnorth,state\u003dlu":{"model":"computercraft:block/monitor_normal_lu","y":270},"facing\u003deast,orientation\u003dnorth,state\u003dlu":{"model":"computercraft:block/monitor_normal_lu","y":90},"facing\u003dnorth,orientation\u003dup,state\u003dnone":{"model":"computercraft:block/monitor_normal","x":270},"facing\u003dsouth,orientation\u003dup,state\u003dnone":{"model":"computercraft:block/monitor_normal","y":180,"x":270},"facing\u003dwest,orientation\u003dup,state\u003dnone":{"model":"computercraft:block/monitor_normal","y":270,"x":270},"facing\u003deast,orientation\u003dup,state\u003dnone":{"model":"computercraft:block/monitor_normal","y":90,"x":270},"facing\u003dnorth,orientation\u003dup,state\u003dr":{"model":"computercraft:block/monitor_normal_r","x":270},"facing\u003dsouth,orientation\u003dup,state\u003dr":{"model":"computercraft:block/monitor_normal_r","y":180,"x":270},"facing\u003dwest,orientation\u003dup,state\u003dr":{"model":"computercraft:block/monitor_normal_r","y":270,"x":270},"facing\u003deast,orientation\u003dup,state\u003dr":{"model":"computercraft:block/monitor_normal_r","y":90,"x":270},"facing\u003dnorth,orientation\u003dup,state\u003dlr":{"model":"computercraft:block/monitor_normal_lr","x":270},"facing\u003dsouth,orientation\u003dup,state\u003dlr":{"model":"computercraft:block/monitor_normal_lr","y":180,"x":270},"facing\u003dwest,orientation\u003dup,state\u003dlr":{"model":"computercraft:block/monitor_normal_lr","y":270,"x":270},"facing\u003deast,orientation\u003dup,state\u003dlr":{"model":"computercraft:block/monitor_normal_lr","y":90,"x":270},"facing\u003dnorth,orientation\u003dup,state\u003dl":{"model":"computercraft:block/monitor_normal_l","x":270},"facing\u003dsouth,orientation\u003dup,state\u003dl":{"model":"computercraft:block/monitor_normal_l","y":180,"x":270},"facing\u003dwest,orientation\u003dup,state\u003dl":{"model":"computercraft:block/monitor_normal_l","y":270,"x":270},"facing\u003deast,orientation\u003dup,state\u003dl":{"model":"computercraft:block/monitor_normal_l","y":90,"x":270},"facing\u003dnorth,orientation\u003dup,state\u003dd":{"model":"computercraft:block/monitor_normal_d","x":270},"facing\u003dsouth,orientation\u003dup,state\u003dd":{"model":"computercraft:block/monitor_normal_d","y":180,"x":270},"facing\u003dwest,orientation\u003dup,state\u003dd":{"model":"computercraft:block/monitor_normal_d","y":270,"x":270},"facing\u003deast,orientation\u003dup,state\u003dd":{"model":"computercraft:block/monitor_normal_d","y":90,"x":270},"facing\u003dnorth,orientation\u003dup,state\u003dud":{"model":"computercraft:block/monitor_normal_ud","x":270},"facing\u003dsouth,orientation\u003dup,state\u003dud":{"model":"computercraft:block/monitor_normal_ud","y":180,"x":270},"facing\u003dwest,orientation\u003dup,state\u003dud":{"model":"computercraft:block/monitor_normal_ud","y":270,"x":270},"facing\u003deast,orientation\u003dup,state\u003dud":{"model":"computercraft:block/monitor_normal_ud","y":90,"x":270},"facing\u003dnorth,orientation\u003dup,state\u003du":{"model":"computercraft:block/monitor_normal_u","x":270},"facing\u003dsouth,orientation\u003dup,state\u003du":{"model":"computercraft:block/monitor_normal_u","y":180,"x":270},"facing\u003dwest,orientation\u003dup,state\u003du":{"model":"computercraft:block/monitor_normal_u","y":270,"x":270},"facing\u003deast,orientation\u003dup,state\u003du":{"model":"computercraft:block/monitor_normal_u","y":90,"x":270},"facing\u003dnorth,orientation\u003dup,state\u003drd":{"model":"computercraft:block/monitor_normal_rd","x":270},"facing\u003dsouth,orientation\u003dup,state\u003drd":{"model":"computercraft:block/monitor_normal_rd","y":180,"x":270},"facing\u003dwest,orientation\u003dup,state\u003drd":{"model":"computercraft:block/monitor_normal_rd","y":270,"x":270},"facing\u003deast,orientation\u003dup,state\u003drd":{"model":"computercraft:block/monitor_normal_rd","y":90,"x":270},"facing\u003dnorth,orientation\u003dup,state\u003dlrd":{"model":"computercraft:block/monitor_normal_lrd","x":270},"facing\u003dsouth,orientation\u003dup,state\u003dlrd":{"model":"computercraft:block/monitor_normal_lrd","y":180,"x":270},"facing\u003dwest,orientation\u003dup,state\u003dlrd":{"model":"computercraft:block/monitor_normal_lrd","y":270,"x":270},"facing\u003deast,orientation\u003dup,state\u003dlrd":{"model":"computercraft:block/monitor_normal_lrd","y":90,"x":270},"facing\u003dnorth,orientation\u003dup,state\u003dld":{"model":"computercraft:block/monitor_normal_ld","x":270},"facing\u003dsouth,orientation\u003dup,state\u003dld":{"model":"computercraft:block/monitor_normal_ld","y":180,"x":270},"facing\u003dwest,orientation\u003dup,state\u003dld":{"model":"computercraft:block/monitor_normal_ld","y":270,"x":270},"facing\u003deast,orientation\u003dup,state\u003dld":{"model":"computercraft:block/monitor_normal_ld","y":90,"x":270},"facing\u003dnorth,orientation\u003dup,state\u003drud":{"model":"computercraft:block/monitor_normal_rud","x":270},"facing\u003dsouth,orientation\u003dup,state\u003drud":{"model":"computercraft:block/monitor_normal_rud","y":180,"x":270},"facing\u003dwest,orientation\u003dup,state\u003drud":{"model":"computercraft:block/monitor_normal_rud","y":270,"x":270},"facing\u003deast,orientation\u003dup,state\u003drud":{"model":"computercraft:block/monitor_normal_rud","y":90,"x":270},"facing\u003dnorth,orientation\u003dup,state\u003dlrud":{"model":"computercraft:block/monitor_normal_lrud","x":270},"facing\u003dsouth,orientation\u003dup,state\u003dlrud":{"model":"computercraft:block/monitor_normal_lrud","y":180,"x":270},"facing\u003dwest,orientation\u003dup,state\u003dlrud":{"model":"computercraft:block/monitor_normal_lrud","y":270,"x":270},"facing\u003deast,orientation\u003dup,state\u003dlrud":{"model":"computercraft:block/monitor_normal_lrud","y":90,"x":270},"facing\u003dnorth,orientation\u003dup,state\u003dlud":{"model":"computercraft:block/monitor_normal_lud","x":270},"facing\u003dsouth,orientation\u003dup,state\u003dlud":{"model":"computercraft:block/monitor_normal_lud","y":180,"x":270},"facing\u003dwest,orientation\u003dup,state\u003dlud":{"model":"computercraft:block/monitor_normal_lud","y":270,"x":270},"facing\u003deast,orientation\u003dup,state\u003dlud":{"model":"computercraft:block/monitor_normal_lud","y":90,"x":270},"facing\u003dnorth,orientation\u003dup,state\u003dru":{"model":"computercraft:block/monitor_normal_ru","x":270},"facing\u003dsouth,orientation\u003dup,state\u003dru":{"model":"computercraft:block/monitor_normal_ru","y":180,"x":270},"facing\u003dwest,orientation\u003dup,state\u003dru":{"model":"computercraft:block/monitor_normal_ru","y":270,"x":270},"facing\u003deast,orientation\u003dup,state\u003dru":{"model":"computercraft:block/monitor_normal_ru","y":90,"x":270},"facing\u003dnorth,orientation\u003dup,state\u003dlru":{"model":"computercraft:block/monitor_normal_lru","x":270},"facing\u003dsouth,orientation\u003dup,state\u003dlru":{"model":"computercraft:block/monitor_normal_lru","y":180,"x":270},"facing\u003dwest,orientation\u003dup,state\u003dlru":{"model":"computercraft:block/monitor_normal_lru","y":270,"x":270},"facing\u003deast,orientation\u003dup,state\u003dlru":{"model":"computercraft:block/monitor_normal_lru","y":90,"x":270},"facing\u003dnorth,orientation\u003dup,state\u003dlu":{"model":"computercraft:block/monitor_normal_lu","x":270},"facing\u003dsouth,orientation\u003dup,state\u003dlu":{"model":"computercraft:block/monitor_normal_lu","y":180,"x":270},"facing\u003dwest,orientation\u003dup,state\u003dlu":{"model":"computercraft:block/monitor_normal_lu","y":270,"x":270},"facing\u003deast,orientation\u003dup,state\u003dlu":{"model":"computercraft:block/monitor_normal_lu","y":90,"x":270},"facing\u003dnorth,orientation\u003ddown,state\u003dnone":{"model":"computercraft:block/monitor_normal","x":90},"facing\u003dsouth,orientation\u003ddown,state\u003dnone":{"model":"computercraft:block/monitor_normal","y":180,"x":90},"facing\u003dwest,orientation\u003ddown,state\u003dnone":{"model":"computercraft:block/monitor_normal","y":270,"x":90},"facing\u003deast,orientation\u003ddown,state\u003dnone":{"model":"computercraft:block/monitor_normal","y":90,"x":90},"facing\u003dnorth,orientation\u003ddown,state\u003dr":{"model":"computercraft:block/monitor_normal_r","x":90},"facing\u003dsouth,orientation\u003ddown,state\u003dr":{"model":"computercraft:block/monitor_normal_r","y":180,"x":90},"facing\u003dwest,orientation\u003ddown,state\u003dr":{"model":"computercraft:block/monitor_normal_r","y":270,"x":90},"facing\u003deast,orientation\u003ddown,state\u003dr":{"model":"computercraft:block/monitor_normal_r","y":90,"x":90},"facing\u003dnorth,orientation\u003ddown,state\u003dlr":{"model":"computercraft:block/monitor_normal_lr","x":90},"facing\u003dsouth,orientation\u003ddown,state\u003dlr":{"model":"computercraft:block/monitor_normal_lr","y":180,"x":90},"facing\u003dwest,orientation\u003ddown,state\u003dlr":{"model":"computercraft:block/monitor_normal_lr","y":270,"x":90},"facing\u003deast,orientation\u003ddown,state\u003dlr":{"model":"computercraft:block/monitor_normal_lr","y":90,"x":90},"facing\u003dnorth,orientation\u003ddown,state\u003dl":{"model":"computercraft:block/monitor_normal_l","x":90},"facing\u003dsouth,orientation\u003ddown,state\u003dl":{"model":"computercraft:block/monitor_normal_l","y":180,"x":90},"facing\u003dwest,orientation\u003ddown,state\u003dl":{"model":"computercraft:block/monitor_normal_l","y":270,"x":90},"facing\u003deast,orientation\u003ddown,state\u003dl":{"model":"computercraft:block/monitor_normal_l","y":90,"x":90},"facing\u003dnorth,orientation\u003ddown,state\u003dd":{"model":"computercraft:block/monitor_normal_d","x":90},"facing\u003dsouth,orientation\u003ddown,state\u003dd":{"model":"computercraft:block/monitor_normal_d","y":180,"x":90},"facing\u003dwest,orientation\u003ddown,state\u003dd":{"model":"computercraft:block/monitor_normal_d","y":270,"x":90},"facing\u003deast,orientation\u003ddown,state\u003dd":{"model":"computercraft:block/monitor_normal_d","y":90,"x":90},"facing\u003dnorth,orientation\u003ddown,state\u003dud":{"model":"computercraft:block/monitor_normal_ud","x":90},"facing\u003dsouth,orientation\u003ddown,state\u003dud":{"model":"computercraft:block/monitor_normal_ud","y":180,"x":90},"facing\u003dwest,orientation\u003ddown,state\u003dud":{"model":"computercraft:block/monitor_normal_ud","y":270,"x":90},"facing\u003deast,orientation\u003ddown,state\u003dud":{"model":"computercraft:block/monitor_normal_ud","y":90,"x":90},"facing\u003dnorth,orientation\u003ddown,state\u003du":{"model":"computercraft:block/monitor_normal_u","x":90},"facing\u003dsouth,orientation\u003ddown,state\u003du":{"model":"computercraft:block/monitor_normal_u","y":180,"x":90},"facing\u003dwest,orientation\u003ddown,state\u003du":{"model":"computercraft:block/monitor_normal_u","y":270,"x":90},"facing\u003deast,orientation\u003ddown,state\u003du":{"model":"computercraft:block/monitor_normal_u","y":90,"x":90},"facing\u003dnorth,orientation\u003ddown,state\u003drd":{"model":"computercraft:block/monitor_normal_rd","x":90},"facing\u003dsouth,orientation\u003ddown,state\u003drd":{"model":"computercraft:block/monitor_normal_rd","y":180,"x":90},"facing\u003dwest,orientation\u003ddown,state\u003drd":{"model":"computercraft:block/monitor_normal_rd","y":270,"x":90},"facing\u003deast,orientation\u003ddown,state\u003drd":{"model":"computercraft:block/monitor_normal_rd","y":90,"x":90},"facing\u003dnorth,orientation\u003ddown,state\u003dlrd":{"model":"computercraft:block/monitor_normal_lrd","x":90},"facing\u003dsouth,orientation\u003ddown,state\u003dlrd":{"model":"computercraft:block/monitor_normal_lrd","y":180,"x":90},"facing\u003dwest,orientation\u003ddown,state\u003dlrd":{"model":"computercraft:block/monitor_normal_lrd","y":270,"x":90},"facing\u003deast,orientation\u003ddown,state\u003dlrd":{"model":"computercraft:block/monitor_normal_lrd","y":90,"x":90},"facing\u003dnorth,orientation\u003ddown,state\u003dld":{"model":"computercraft:block/monitor_normal_ld","x":90},"facing\u003dsouth,orientation\u003ddown,state\u003dld":{"model":"computercraft:block/monitor_normal_ld","y":180,"x":90},"facing\u003dwest,orientation\u003ddown,state\u003dld":{"model":"computercraft:block/monitor_normal_ld","y":270,"x":90},"facing\u003deast,orientation\u003ddown,state\u003dld":{"model":"computercraft:block/monitor_normal_ld","y":90,"x":90},"facing\u003dnorth,orientation\u003ddown,state\u003drud":{"model":"computercraft:block/monitor_normal_rud","x":90},"facing\u003dsouth,orientation\u003ddown,state\u003drud":{"model":"computercraft:block/monitor_normal_rud","y":180,"x":90},"facing\u003dwest,orientation\u003ddown,state\u003drud":{"model":"computercraft:block/monitor_normal_rud","y":270,"x":90},"facing\u003deast,orientation\u003ddown,state\u003drud":{"model":"computercraft:block/monitor_normal_rud","y":90,"x":90},"facing\u003dnorth,orientation\u003ddown,state\u003dlrud":{"model":"computercraft:block/monitor_normal_lrud","x":90},"facing\u003dsouth,orientation\u003ddown,state\u003dlrud":{"model":"computercraft:block/monitor_normal_lrud","y":180,"x":90},"facing\u003dwest,orientation\u003ddown,state\u003dlrud":{"model":"computercraft:block/monitor_normal_lrud","y":270,"x":90},"facing\u003deast,orientation\u003ddown,state\u003dlrud":{"model":"computercraft:block/monitor_normal_lrud","y":90,"x":90},"facing\u003dnorth,orientation\u003ddown,state\u003dlud":{"model":"computercraft:block/monitor_normal_lud","x":90},"facing\u003dsouth,orientation\u003ddown,state\u003dlud":{"model":"computercraft:block/monitor_normal_lud","y":180,"x":90},"facing\u003dwest,orientation\u003ddown,state\u003dlud":{"model":"computercraft:block/monitor_normal_lud","y":270,"x":90},"facing\u003deast,orientation\u003ddown,state\u003dlud":{"model":"computercraft:block/monitor_normal_lud","y":90,"x":90},"facing\u003dnorth,orientation\u003ddown,state\u003dru":{"model":"computercraft:block/monitor_normal_ru","x":90},"facing\u003dsouth,orientation\u003ddown,state\u003dru":{"model":"computercraft:block/monitor_normal_ru","y":180,"x":90},"facing\u003dwest,orientation\u003ddown,state\u003dru":{"model":"computercraft:block/monitor_normal_ru","y":270,"x":90},"facing\u003deast,orientation\u003ddown,state\u003dru":{"model":"computercraft:block/monitor_normal_ru","y":90,"x":90},"facing\u003dnorth,orientation\u003ddown,state\u003dlru":{"model":"computercraft:block/monitor_normal_lru","x":90},"facing\u003dsouth,orientation\u003ddown,state\u003dlru":{"model":"computercraft:block/monitor_normal_lru","y":180,"x":90},"facing\u003dwest,orientation\u003ddown,state\u003dlru":{"model":"computercraft:block/monitor_normal_lru","y":270,"x":90},"facing\u003deast,orientation\u003ddown,state\u003dlru":{"model":"computercraft:block/monitor_normal_lru","y":90,"x":90},"facing\u003dnorth,orientation\u003ddown,state\u003dlu":{"model":"computercraft:block/monitor_normal_lu","x":90},"facing\u003dsouth,orientation\u003ddown,state\u003dlu":{"model":"computercraft:block/monitor_normal_lu","y":180,"x":90},"facing\u003dwest,orientation\u003ddown,state\u003dlu":{"model":"computercraft:block/monitor_normal_lu","y":270,"x":90},"facing\u003deast,orientation\u003ddown,state\u003dlu":{"model":"computercraft:block/monitor_normal_lu","y":90,"x":90}}}