{"variants":{"facing\u003dnorth,bottom\u003dfalse,top\u003dfalse":{"model":"computercraft:block/printer_empty"},"facing\u003dsouth,bottom\u003dfalse,top\u003dfalse":{"model":"computercraft:block/printer_empty","y":180},"facing\u003dwest,bottom\u003dfalse,top\u003dfalse":{"model":"computercraft:block/printer_empty","y":270},"facing\u003deast,bottom\u003dfalse,top\u003dfalse":{"model":"computercraft:block/printer_empty","y":90},"facing\u003dnorth,bottom\u003dfalse,top\u003dtrue":{"model":"computercraft:block/printer_top_full"},"facing\u003dsouth,bottom\u003dfalse,top\u003dtrue":{"model":"computercraft:block/printer_top_full","y":180},"facing\u003dwest,bottom\u003dfalse,top\u003dtrue":{"model":"computercraft:block/printer_top_full","y":270},"facing\u003deast,bottom\u003dfalse,top\u003dtrue":{"model":"computercraft:block/printer_top_full","y":90},"facing\u003dnorth,bottom\u003dtrue,top\u003dfalse":{"model":"computercraft:block/printer_bottom_full"},"facing\u003dsouth,bottom\u003dtrue,top\u003dfalse":{"model":"computercraft:block/printer_bottom_full","y":180},"facing\u003dwest,bottom\u003dtrue,top\u003dfalse":{"model":"computercraft:block/printer_bottom_full","y":270},"facing\u003deast,bottom\u003dtrue,top\u003dfalse":{"model":"computercraft:block/printer_bottom_full","y":90},"facing\u003dnorth,bottom\u003dtrue,top\u003dtrue":{"model":"computercraft:block/printer_both_full"},"facing\u003dsouth,bottom\u003dtrue,top\u003dtrue":{"model":"computercraft:block/printer_both_full","y":180},"facing\u003dwest,bottom\u003dtrue,top\u003dtrue":{"model":"computercraft:block/printer_both_full","y":270},"facing\u003deast,bottom\u003dtrue,top\u003dtrue":{"model":"computercraft:block/printer_both_full","y":90}}}