{"variants":{"facing\u003dup,on\u003dfalse":{"model":"computercraft:block/wireless_modem_normal_off","x":270},"facing\u003ddown,on\u003dfalse":{"model":"computercraft:block/wireless_modem_normal_off","x":90},"facing\u003dnorth,on\u003dfalse":{"model":"computercraft:block/wireless_modem_normal_off"},"facing\u003dsouth,on\u003dfalse":{"model":"computercraft:block/wireless_modem_normal_off","y":180},"facing\u003dwest,on\u003dfalse":{"model":"computercraft:block/wireless_modem_normal_off","y":270},"facing\u003deast,on\u003dfalse":{"model":"computercraft:block/wireless_modem_normal_off","y":90},"facing\u003dup,on\u003dtrue":{"model":"computercraft:block/wireless_modem_normal_on","x":270},"facing\u003ddown,on\u003dtrue":{"model":"computercraft:block/wireless_modem_normal_on","x":90},"facing\u003dnorth,on\u003dtrue":{"model":"computercraft:block/wireless_modem_normal_on"},"facing\u003dsouth,on\u003dtrue":{"model":"computercraft:block/wireless_modem_normal_on","y":180},"facing\u003dwest,on\u003dtrue":{"model":"computercraft:block/wireless_modem_normal_on","y":270},"facing\u003deast,on\u003dtrue":{"model":"computercraft:block/wireless_modem_normal_on","y":90}}}